{
  "cluster_name": "informatica-migration-cluster",
  "spark_version": "13.3.x-scala2.12",
  "node_type_id": "i3.xlarge",
  "driver_node_type_id": "i3.xlarge",
  "num_workers": 2,
  "autoscale": {
    "min_workers": 1,
    "max_workers": 8
  },
  "spark_conf": {
    "spark.databricks.delta.optimizeWrite.enabled": "true",
    "spark.databricks.delta.autoCompact.enabled": "true",
    "spark.sql.adaptive.enabled": "true",
    "spark.sql.adaptive.coalescePartitions.enabled": "true",
    "spark.sql.adaptive.skewJoin.enabled": "true",
    "spark.databricks.io.cache.enabled": "true",
    "spark.sql.execution.arrow.pyspark.enabled": "true"
  },
  "custom_tags": {
    "project": "informatica-migration",
    "environment": "production",
    "team": "data-engineering"
  },
  "enable_elastic_disk": true,
  "disk_spec": {
    "disk_type": {
      "ebs_volume_type": "GENERAL_PURPOSE_SSD"
    },
    "disk_size": 100
  }
}